{
    "Alien": [
        850.8333333333333,
        957.5,
        932.5,
        1320.0,
        736.25
    ],
    "Amidar": [
        120.0,
        157.83333333333334,
        144.83333333333331,
        140.75,
        132.08333333333334
    ],
    "Assault": [
        881.75,
        698.0,
        434.0,
        526.6666666666667,
        987.75
    ],
    "Asterix": [
        933.3333333333334,
        1170.8333333333333,
        992.5,
        795.8333333333334,
        770.0
    ],
    "BankHeist": [
        311.66666666666663,
        342.08333333333337,
        387.08333333333337,
        1037.5,
        1165.0
    ],
    "BattleZone": [
        8500.0,
        13000.0,
        14500.0,
        14500.0,
        10750.0
    ],
    "Boxing": [
        80.5,
        63.25,
        85.5,
        85.5,
        75.5
    ],
    "Breakout": [
        30.333333333333332,
        19.133333333333333,
        67.8,
        17.1,
        21.25
    ],
    "ChopperCommand": [
        550.0,
        400.0,
        200.0,
        700.0,
        200.0
    ],
    "CrazyClimber": [
        112600.0,
        75200.0,
        79350.0,
        123200.0,
        95600.0
    ],
    "DemonAttack": [
        171.04166666666669,
        212.08333333333331,
        620.0,
        201.66666666666669,
        311.6666666666667
    ],
    "Freeway": [
        0.0,
        0.0,
        0.0,
        0.0,
        0.0
    ],
    "Frostbite": [
        258.0,
        356.25,
        445.0,
        3170.0,
        317.5
    ],
    "Gopher": [
        8020.0,
        1535.0,
        3130.0,
        1790.0,
        4175.0
    ],
    "Hero": [
        7654.375,
        12992.5,
        13420.833333333332,
        8346.25,
        13388.75
    ],
    "Jamesbond": [
        487.5,
        345.83333333333337,
        337.5,
        252.08333333333334,
        800.0
    ],
    "Kangaroo": [
        12200.0,
        4150.0,
        1625.0,
        1700.0,
        816.6666666666667
    ],
    "Krull": [
        6387.5,
        7717.5,
        6807.5,
        9122.5,
        8872.5
    ],
    "KungFuMaster": [
        25250.0,
        23650.0,
        19100.0,
        14000.0,
        25100.0
    ],
    "MsPacman": [
        1475.0,
        1423.3333333333335,
        858.75,
        1223.75,
        1653.75
    ],
    "Pong": [
        20.0,
        20.5,
        18.5,
        18.0,
        15.0
    ],
    "PrivateEye": [
        4263.5,
        48.0,
        100.0,
        -10.5,
        7.0
    ],
    "Qbert": [
        3500.0,
        1100.0,
        4342.708333333334,
        3436.875,
        4645.833333333333
    ],
    "RoadRunner": [
        25400.0,
        8675.0,
        11800.0,
        24450.0,
        7500.0
    ],
    "Seaquest": [
        450.0,
        825.0,
        475.0,
        510.0,
        830.0
    ],
    "UpNDown": [
        4863.333333333334,
        11915.0,
        5923.333333333334,
        4600.416666666666,
        10533.333333333334
    ]
}